train,val,test
37646f09.mp4,ac3bc64a.mp4,3cdfa11e.mp4
c79ea9d2.mp4,5e640f5d.mp4,88dce3ed.mp4
cee21ad1.mp4,7982614c.mp4,c692dd33.mp4
f4b4676e.mp4,047f30a5.mp4,90070424.mp4
22e2a124.mp4,11721e9d.mp4,419a52e8.mp4
8060b2e0.mp4,247e739e.mp4,63370e0d.mp4
939cadd1.mp4,2ce1bea2.mp4,69f72b53.mp4
a6841b75.mp4,5e82eedb.mp4,adee0a9e.mp4
23acbdcd.mp4,63e843a0.mp4,cf1c2b65.mp4
5c940618.mp4,6949c241.mp4,66e5825e.mp4
6661ed8b.mp4,6ad3ed86.mp4,02d8671a.mp4
83cd9335.mp4,7040635e.mp4,28bc62eb.mp4
0595fb00.mp4,7e3795a0.mp4,70caef5e.mp4
1dac2283.mp4,9706138e.mp4,870ce2c3.mp4
1df5ec65.mp4,a6fcce80.mp4,b2c69de5.mp4
27d9dd77.mp4,d5e411f4.mp4,e2b55987.mp4
454ab3d6.mp4,e9500377.mp4,fe77677a.mp4
4956693a.mp4,f5969397.mp4,44fb3189.mp4
67bd5f48.mp4,f691a132.mp4,6f58f7bb.mp4
695f1762.mp4,faf0b15e.mp4,89e0ab89.mp4
7297f777.mp4,ff1dd875.mp4,29589b49.mp4
7f6ca0bf.mp4,0d47d3e5.mp4,3a9a9694.mp4
840c71cf.mp4,1b9acf9a.mp4,6dae65f3.mp4
8d89189a.mp4,381f2c67.mp4,84191bf9.mp4
9ec4f4a3.mp4,4d1099ac.mp4,b62c4bd0.mp4
a686b84b.mp4,5029f9e0.mp4,ee539f93.mp4
ba913c9e.mp4,605fb45e.mp4,05b14997.mp4
bc9b7df9.mp4,6b6e0e05.mp4,10bf71d0.mp4
d1789f00.mp4,6e311e49.mp4,13b615ff.mp4
e0dc2841.mp4,81ca9e68.mp4,1cc6a576.mp4
e6c3403b.mp4,81f1351f.mp4,3fe99153.mp4
ef205c43.mp4,86256d51.mp4,43c2530e.mp4
0d2cb233.mp4,8a985f7c.mp4,53f4ff97.mp4
13e0b085.mp4,98bd3ab6.mp4,891f019d.mp4
167b8fcb.mp4,ba045e5e.mp4,9b47addf.mp4
200bc8a7.mp4,da008bfa.mp4,a6965471.mp4
21e1a527.mp4,de6533a7.mp4,26081e8d.mp4
2e97a017.mp4,dfd88cfe.mp4,34559f5f.mp4
32096831.mp4,ebea904a.mp4,83b20002.mp4
39c6623e.mp4,ece472e1.mp4,b9b23e3e.mp4
438323c1.mp4,f27f39c0.mp4,fbeb3a2d.mp4
47cf4b92.mp4,4103f7c6.mp4,103be036.mp4
4d7d48bb.mp4,4c06a399.mp4,4040e286.mp4
559c152f.mp4,6ce82e1f.mp4,060de76e.mp4
5a36c564.mp4,6e77311e.mp4,860c21f7.mp4
5f725579.mp4,a047ee77.mp4,a78a7a01.mp4
7d18f9d3.mp4,c0562a63.mp4,1e0ff0cc.mp4
7fff0629.mp4,c89886af.mp4,24f211a6.mp4
81fc2d4d.mp4,b4371d9c.mp4,2725b644.mp4
a03889df.mp4,b47fa73b.mp4,2a8e3f22.mp4
a0654bc9.mp4,d2b2b501.mp4,37203d53.mp4
a624b192.mp4,15d16e6e.mp4,43ed1422.mp4
e1c9947f.mp4,6dbd1be4.mp4,46b04beb.mp4
1555dd4f.mp4,8a395889.mp4,48fa0129.mp4
18f1b54c.mp4,b4256df9.mp4,57b3a0c4.mp4
1b327972.mp4,cc1bbe91.mp4,5e2b8473.mp4
1b59c1ab.mp4,e924ac4f.mp4,635165bc.mp4
1f15e6a5.mp4,14b32802.mp4,684cb4f0.mp4
236f8b92.mp4,273e88f3.mp4,728d2a13.mp4
23ca2310.mp4,8478e508.mp4,7d7ccc08.mp4
37a1be03.mp4,a745ddda.mp4,88d278f9.mp4
395b86a8.mp4,fb33446e.mp4,96a6c61b.mp4
3a2a8bc2.mp4,4eb10dad.mp4,a55522aa.mp4
4549db42.mp4,a42098b5.mp4,b16a783c.mp4
4bcfd94d.mp4,c9d813ca.mp4,b5488915.mp4
4d49c074.mp4,3b6e2985.mp4,bd4cd7a2.mp4
581cbd37.mp4,45142626.mp4,c06b49e8.mp4
5add07b4.mp4,dfce4e82.mp4,dc63c8b3.mp4
60ccaa52.mp4,ee4ee4cc.mp4,e512401d.mp4
616849f9.mp4,7384f2fe.mp4,ebf38fd3.mp4
61863da0.mp4,ac0e6b6d.mp4,ebf7e042.mp4
7bc75eb3.mp4,caf8f8b8.mp4,ff85a930.mp4
83194cd7.mp4,110cc50e.mp4,0e9ef00b.mp4
88db15e6.mp4,168e4045.mp4,0f7997d2.mp4
8cf9e3e6.mp4,1eb226fd.mp4,10f06e1f.mp4
9e9fca87.mp4,77a63dec.mp4,30b5951d.mp4
af4bd368.mp4,85aab780.mp4,4279a032.mp4
c536c6fc.mp4,8e663bdd.mp4,4aec5e8b.mp4
d3ae42bd.mp4,9249624a.mp4,a3503581.mp4
d913ae28.mp4,9a60927a.mp4,ea782f91.mp4
d92d110b.mp4,9ec239d6.mp4,f61eec8c.mp4
dc3bcbc5.mp4,d6245318.mp4,f6e8a52e.mp4
de84ccb8.mp4,e89dbbb2.mp4,35249d6b.mp4
e36b3708.mp4,323fe0e2.mp4,2620d344.mp4
e56a7ce0.mp4,8d7bb0e1.mp4,3c5c59a1.mp4
e5b4ea77.mp4,bc08f6a7.mp4,737191b6.mp4
f4eada4a.mp4,e3effb82.mp4,7476c7c5.mp4
fa3f4362.mp4,ffa6ee9d.mp4,e069789c.mp4
0675dea6.mp4,3d2e4349.mp4,e4a28001.mp4
0e495d38.mp4,88dbd9e7.mp4,e75d4aed.mp4
11187524.mp4,920c47d1.mp4,ec0fc386.mp4
16030c5b.mp4,c32886ec.mp4,f64b6819.mp4
16c04829.mp4,d0b3e42d.mp4,ff164d7c.mp4
25229020.mp4,14f777e2.mp4,17257cfb.mp4
27f12ae3.mp4,4e297a95.mp4,9866c7c1.mp4
299aa32f.mp4,60824a6b.mp4,b89585f4.mp4
29c9db96.mp4,669375c8.mp4,bfc95945.mp4
2aace8cf.mp4,6b2aa88a.mp4,15614dbe.mp4
3245a6ab.mp4,6b32d035.mp4,1e31602f.mp4
32da103b.mp4,971bb33a.mp4,3fdb21e0.mp4
44e94b2a.mp4,e0f73ef8.mp4,50dd9d4d.mp4
47de4538.mp4,e7a5b742.mp4,740f1816.mp4
4efd7367.mp4,050b9e9d.mp4,81169e24.mp4
4f9770d6.mp4,2ae6c838.mp4,8202fa90.mp4
561c9f5d.mp4,2b6fb231.mp4,9bf612e8.mp4
579695a9.mp4,50d2ba4f.mp4,ac4e6f4d.mp4
585100ef.mp4,586b1a47.mp4,f0317616.mp4
63570fe3.mp4,88d7d4aa.mp4,f9e3f13c.mp4
672b932c.mp4,f532157c.mp4,02c9918c.mp4
7985ba48.mp4,5c4640b7.mp4,0e58e81e.mp4
7aa3b557.mp4,9de65c95.mp4,17b90846.mp4
7b0b8611.mp4,20fff1d9.mp4,210d0857.mp4
8877fc64.mp4,320ef993.mp4,2262fb40.mp4
8a7fda08.mp4,501d8327.mp4,262bfd8f.mp4
8ed3efea.mp4,5371c86d.mp4,2bc74407.mp4
90ae63d7.mp4,a2619a26.mp4,3b75bb4a.mp4
9cb043ca.mp4,a6e097b3.mp4,4b9e18a9.mp4
9cff6420.mp4,b8ac0cb9.mp4,56eb996f.mp4
a1f9c033.mp4,bb7da541.mp4,86743134.mp4
a352b620.mp4,c0ec8702.mp4,91b3ced1.mp4
a8a0091c.mp4,9cd89052.mp4,974bcf68.mp4
abd6915b.mp4,3adb18eb.mp4,ab1a1bdf.mp4
b07db2ce.mp4,dfa8d994.mp4,ac7b7ec7.mp4
be4d7303.mp4,e84f474e.mp4,b518eeac.mp4
c46d6ea1.mp4,f102c70d.mp4,bc58d14b.mp4
cabe7dcf.mp4,f19ef293.mp4,d65033e1.mp4
d1c2a4fe.mp4,4065ad51.mp4,d6e58ed2.mp4
d9525d88.mp4,5286d2fb.mp4,e961f2c5.mp4
e794b7d6.mp4,5bb2a28f.mp4,ea6dbb0c.mp4
ef5d89b5.mp4,6f4c66d4.mp4,f7a6a997.mp4
f2f88e8b.mp4,d3412359.mp4,fa5f2df8.mp4
038160a7.mp4,dcecbeab.mp4,281d998d.mp4
13a35cfb.mp4,e1698487.mp4,3533faac.mp4
22c27e70.mp4,ef6b0ad2.mp4,38d4f2b3.mp4
269f6f3b.mp4,167753b3.mp4,b1861226.mp4
291178b6.mp4,282de076.mp4,b5308b10.mp4
43508ff6.mp4,4347010d.mp4,c24f171c.mp4
552c27c8.mp4,4dbc7046.mp4,e647f1a5.mp4
562a920f.mp4,d8103062.mp4,
572a7567.mp4,,
5806b3cf.mp4,,
5f20f3ff.mp4,,
65996ed6.mp4,,
69022eb4.mp4,,
6ecf3207.mp4,,
80e96c56.mp4,,
860d7890.mp4,,
99f2a9f3.mp4,,
a1bf0af2.mp4,,
a4e315fc.mp4,,
c3357766.mp4,,
c9f90699.mp4,,
e1482666.mp4,,
e990df0a.mp4,,
f37cfe89.mp4,,
f4afa552.mp4,,
041abf17.mp4,,
047a5328.mp4,,
0a24424f.mp4,,
0e20959e.mp4,,
13eb2c37.mp4,,
15c0133f.mp4,,
17091be2.mp4,,
2365bafd.mp4,,
2a06e818.mp4,,
304508fa.mp4,,
3063102b.mp4,,
3712dafc.mp4,,
37388d25.mp4,,
39db4fc4.mp4,,
3bb3b06d.mp4,,
3fb9d107.mp4,,
4264c695.mp4,,
47994609.mp4,,
47d5f324.mp4,,
62926a6a.mp4,,
6c8ff4a1.mp4,,
784f6ed1.mp4,,
79647e2e.mp4,,
7ce17c31.mp4,,
7f901896.mp4,,
937b8d71.mp4,,
95c63905.mp4,,
97b1686b.mp4,,
a5da859c.mp4,,
b60ba302.mp4,,
bda2c522.mp4,,
c384d25a.mp4,,
c4b37f97.mp4,,
c5c4c184.mp4,,
c8c93391.mp4,,
d08c3a5e.mp4,,
d3c8dc13.mp4,,
dba5f37b.mp4,,
dd73b066.mp4,,
de972169.mp4,,
e0ce2e0b.mp4,,
f63231dd.mp4,,
0334acd6.mp4,,
1337b58b.mp4,,
14f3a8e5.mp4,,
1dfb20d2.mp4,,
224f8c83.mp4,,
27649ef8.mp4,,
2c674a4f.mp4,,
3176ad17.mp4,,
36a636a3.mp4,,
36ad6c42.mp4,,
3815836b.mp4,,
3f59dbd4.mp4,,
48fe86f2.mp4,,
4d9fb464.mp4,,
4f411bbf.mp4,,
5156ff64.mp4,,
55752ba3.mp4,,
642c391a.mp4,,
65a2c519.mp4,,
6706d73c.mp4,,
6aca70f0.mp4,,
771efdf7.mp4,,
78e056dc.mp4,,
8296e10c.mp4,,
8baa8a26.mp4,,
90eeb878.mp4,,
916d0ced.mp4,,
9a6bd117.mp4,,
bcd6b854.mp4,,
bf371a11.mp4,,
c70395fa.mp4,,
c72211e2.mp4,,
cb21c60f.mp4,,
cfb0cac8.mp4,,
d47eeed5.mp4,,
dda8e305.mp4,,
e17dd71b.mp4,,
e1d29a4d.mp4,,
01ce6b4b.mp4,,
0315e1ff.mp4,,
058a3cae.mp4,,
086b768f.mp4,,
184514ca.mp4,,
1c953f73.mp4,,
1e03dae8.mp4,,
2047bea8.mp4,,
3e9aca14.mp4,,
46359175.mp4,,
4e47c9b5.mp4,,
51c82efc.mp4,,
52d10728.mp4,,
5ae77b8e.mp4,,
60448437.mp4,,
60776102.mp4,,
73f4df5e.mp4,,
76cda50e.mp4,,
af175d6a.mp4,,
b2b355cb.mp4,,
b56205e9.mp4,,
b981b71a.mp4,,
bf7cc740.mp4,,
c6ce243d.mp4,,
cec346a6.mp4,,
e3eb8131.mp4,,
e4f2bb0b.mp4,,
e6117a6e.mp4,,
eb0afe47.mp4,,
ecd2ed60.mp4,,
f331cd2d.mp4,,
fdccef32.mp4,,
15472e5d.mp4,,
261840b9.mp4,,
29d6b83d.mp4,,
2f9f5cf0.mp4,,
307eec7f.mp4,,
32d48204.mp4,,
367de59d.mp4,,
3c1b7c24.mp4,,
3cb9198d.mp4,,
4b63a94e.mp4,,
50fdcf01.mp4,,
556fb4d5.mp4,,
6319db96.mp4,,
70a4649e.mp4,,
7f082c80.mp4,,
87653810.mp4,,
8c5f0aa5.mp4,,
95a706f4.mp4,,
a397455f.mp4,,
a4b36de8.mp4,,
a6b5b5df.mp4,,
a8ad3b3f.mp4,,
a981b522.mp4,,
aa5aff9e.mp4,,
ac8d3669.mp4,,
aea9763d.mp4,,
b2463594.mp4,,
b94e00c2.mp4,,
be0f3e6e.mp4,,
c062bd24.mp4,,
c10bfcf1.mp4,,
c6ef633b.mp4,,
cab818dc.mp4,,
d5a2b3f2.mp4,,
d7468b75.mp4,,
e685e32a.mp4,,
e783959f.mp4,,
f9513f87.mp4,,
faef188f.mp4,,
0e110865.mp4,,
11957cde.mp4,,
184108c0.mp4,,
1a08dc43.mp4,,
1c3eceb3.mp4,,
268119ae.mp4,,
26b706da.mp4,,
27595d1a.mp4,,
283ec3f1.mp4,,
288a7914.mp4,,
3223d675.mp4,,
398be91f.mp4,,
435c6659.mp4,,
48dc7c39.mp4,,
4dfa3649.mp4,,
4fed8c57.mp4,,
533f0952.mp4,,
66d702fc.mp4,,
6ba13a35.mp4,,
76850743.mp4,,
77b3cc15.mp4,,
950fe1e2.mp4,,
96066c5d.mp4,,
967a72b7.mp4,,
9fa3cad6.mp4,,
a40ad820.mp4,,
a9914672.mp4,,
ae29b85a.mp4,,
c09d64ad.mp4,,
db2e3c56.mp4,,
e149254b.mp4,,
ed464781.mp4,,
ee64925a.mp4,,
f316fcb2.mp4,,
10e52b29.mp4,,
1c1d0bd6.mp4,,
1cb4eb0c.mp4,,
1ee270f5.mp4,,
2a1a5834.mp4,,
2e057600.mp4,,
30f34c32.mp4,,
31fa56ab.mp4,,
431a9dd2.mp4,,
438d8cc3.mp4,,
43d9b717.mp4,,
47d2ed61.mp4,,
66753160.mp4,,
69ccb802.mp4,,
6cd4cac4.mp4,,
761662ad.mp4,,
79a5fc3e.mp4,,
7f8fceee.mp4,,
7fa41cf4.mp4,,
815a6360.mp4,,
81e2de6a.mp4,,
842b2b6c.mp4,,
87841b29.mp4,,
8bd97f44.mp4,,
8bdd1d28.mp4,,
9766faf3.mp4,,
98417096.mp4,,
a9d1464e.mp4,,
adaff8cf.mp4,,
b3ba26ea.mp4,,
b9e833e2.mp4,,
beedf670.mp4,,
c0459f1b.mp4,,
c7a14624.mp4,,
cff186c9.mp4,,
db853276.mp4,,
e64fd6ce.mp4,,
f2028c94.mp4,,
1cc57e0b.mp4,,
3334c9c3.mp4,,
3d0f784b.mp4,,
3d5f2019.mp4,,
3d7cc539.mp4,,
41c9db2c.mp4,,
4a9cd5e0.mp4,,
4d8f207b.mp4,,
60d7903e.mp4,,
7e79c826.mp4,,
93fc1d0d.mp4,,
bc92ad85.mp4,,
be0725dc.mp4,,
bfee99fd.mp4,,
cd9c2c14.mp4,,
d49e5f3c.mp4,,
e763913a.mp4,,
032e60b7.mp4,,
055a3bd9.mp4,,
0aecad56.mp4,,
0b707dd0.mp4,,
1a5c07f5.mp4,,
1f72b9ce.mp4,,
3e4ffcf0.mp4,,
57cede4f.mp4,,
60ed4d08.mp4,,
731babe3.mp4,,
7ec1da9e.mp4,,
869c4661.mp4,,
a0a68b3a.mp4,,
a17c6e8e.mp4,,
a83ad54e.mp4,,
b433217f.mp4,,
bc575904.mp4,,
bed1ea55.mp4,,
c0c3a867.mp4,,
c35893d6.mp4,,
d07045cd.mp4,,
d26025f9.mp4,,
d5714f9f.mp4,,
d5b5e537.mp4,,
d7b54373.mp4,,
daa0224a.mp4,,
e12db1bb.mp4,,
e36266f7.mp4,,
f41e1c59.mp4,,
fa770301.mp4,,
02af33f5.mp4,,
087534e7.mp4,,
15832372.mp4,,
1ef56b6f.mp4,,
29afcb09.mp4,,
2c0a011e.mp4,,
2f2c9034.mp4,,
47760d1c.mp4,,
51a5f276.mp4,,
5523d97f.mp4,,
58a2a782.mp4,,
5a4a0ed4.mp4,,
5f69ece8.mp4,,
5ffafefc.mp4,,
6842c16a.mp4,,
6b3a4615.mp4,,
6ca24735.mp4,,
6d411988.mp4,,
73b5690e.mp4,,
7c49cc7e.mp4,,
8199be44.mp4,,
88e764d9.mp4,,
8ff47fa3.mp4,,
921b49f9.mp4,,
9f9b2d5a.mp4,,
a191878f.mp4,,
a44bb236.mp4,,
bf081e77.mp4,,
cb4d6927.mp4,,
cfe3eb82.mp4,,
d98c8bc6.mp4,,
da96908e.mp4,,
dbe1f533.mp4,,
dc9ee0b5.mp4,,
e1932b5b.mp4,,
e45c2226.mp4,,
eebf4cfa.mp4,,
ef921b5c.mp4,,
f212bfdd.mp4,,
f8a6fa8b.mp4,,
f9ce771a.mp4,,
faf9d7b3.mp4,,
029490cf.mp4,,
07b29ac9.mp4,,
0aa41762.mp4,,
16252143.mp4,,
1e6a71ca.mp4,,
2318d72c.mp4,,
260d7336.mp4,,
2fb1af0a.mp4,,
3490a9fe.mp4,,
45946c7f.mp4,,
48f2826d.mp4,,
5acd0322.mp4,,
5ec88c57.mp4,,
5fed5486.mp4,,
6127dd04.mp4,,
6e90a2e2.mp4,,
71997b8d.mp4,,
74d0538a.mp4,,
8079d718.mp4,,
86f26125.mp4,,
8b5a7344.mp4,,
8d041270.mp4,,
914d33bb.mp4,,
969cd581.mp4,,
9c140d0a.mp4,,
9cd0f1a1.mp4,,
a583f0cf.mp4,,
aba407a9.mp4,,
b1559344.mp4,,
b689a333.mp4,,
c9615a1e.mp4,,
cb24f4cb.mp4,,
cc5d8057.mp4,,
cf2abf2c.mp4,,
e634c616.mp4,,
e75639b9.mp4,,
e7a36229.mp4,,
ecc2e811.mp4,,
f5c56ee4.mp4,,
fa615aad.mp4,,
fb54ae72.mp4,,
fe0f62d6.mp4,,
ffd7c798.mp4,,
0380f2da.mp4,,
08f5ecf6.mp4,,
2848645d.mp4,,
2a300f89.mp4,,
2f3a7c9c.mp4,,
345b1055.mp4,,
379fdd3f.mp4,,
4222eedd.mp4,,
56756b4a.mp4,,
59c5c916.mp4,,
662b707a.mp4,,
6813f39c.mp4,,
781b4b2c.mp4,,
7a4f9535.mp4,,
7af773e2.mp4,,
99418481.mp4,,
9dfb659d.mp4,,
bb0616ea.mp4,,
c7ee6d18.mp4,,
cc4bde44.mp4,,
cf7c8a55.mp4,,
d8d7bee1.mp4,,
e5c4ddae.mp4,,
e60f2b41.mp4,,
e8d254d9.mp4,,
ee296d41.mp4,,
efe28870.mp4,,
f9ee6d2f.mp4,,
04219b1c.mp4,,
08a183a6.mp4,,
0fdd5b16.mp4,,
1273ec68.mp4,,
20e1b655.mp4,,
20e868b0.mp4,,
243b8605.mp4,,
2efd20a8.mp4,,
3384cbed.mp4,,
33f97467.mp4,,
3987792c.mp4,,
3e134824.mp4,,
43ad8c3a.mp4,,
45824cf5.mp4,,
495cf717.mp4,,
4c815888.mp4,,
4c81932e.mp4,,
4ebd0f1f.mp4,,
51b2a14f.mp4,,
5315b98a.mp4,,
64f3778f.mp4,,
6bcebfdf.mp4,,
70ebb584.mp4,,
79af5ec1.mp4,,
7aac61b2.mp4,,
7dc0ffa2.mp4,,
8a9436cc.mp4,,
91a0d6b7.mp4,,
9267c9e4.mp4,,
96a4be79.mp4,,
98d17c68.mp4,,
9aa88b8b.mp4,,
9e31388e.mp4,,
a2e4e840.mp4,,
a5970bee.mp4,,
a9659bd1.mp4,,
aafb7c98.mp4,,
b194af17.mp4,,
b4150140.mp4,,
cf1d7f4c.mp4,,
d060ef47.mp4,,
d1217cb3.mp4,,
d3d35cbf.mp4,,
df946c33.mp4,,
e4c1c65b.mp4,,
e6289849.mp4,,
ed5d782d.mp4,,
efaeac82.mp4,,
f304a2ea.mp4,,
002400aa.mp4,,
0c13895c.mp4,,
1048ac24.mp4,,
13ab4afc.mp4,,
1f3836d0.mp4,,
1fe6c211.mp4,,
2e3e3486.mp4,,
2e435727.mp4,,
397d73fb.mp4,,
3a848d2c.mp4,,
3b894f14.mp4,,
3df889f5.mp4,,
4226cf08.mp4,,
44071555.mp4,,
4d5fc37e.mp4,,
534ff61e.mp4,,
5a19600c.mp4,,
66985157.mp4,,
6d3cd196.mp4,,
72912271.mp4,,
744b0f53.mp4,,
74e5cbf4.mp4,,
756d9bcb.mp4,,
8bc23b31.mp4,,
9d79a65d.mp4,,
a78483ec.mp4,,
b2a13327.mp4,,
b64fbad9.mp4,,
ba0743cd.mp4,,
bcd3df31.mp4,,
d08d7ec0.mp4,,
d77e7517.mp4,,
d9d22c6d.mp4,,
db8328a6.mp4,,
e68fa7ae.mp4,,
eab47ff4.mp4,,
f167b935.mp4,,
f219fcec.mp4,,
f4aeaeaf.mp4,,
f56753d3.mp4,,
f99c40a7.mp4,,
fa7f0c25.mp4,,
fda334fe.mp4,,
01314613.mp4,,
06b9dbd5.mp4,,
41e32698.mp4,,
f2e33b98.mp4,,
104c7679.mp4,,
1ba545cf.mp4,,
208faf15.mp4,,
6deb8416.mp4,,
80f15247.mp4,,
81894187.mp4,,
911bb95c.mp4,,
9cf94ad7.mp4,,
ae395dd9.mp4,,
bb886eb4.mp4,,
e141add9.mp4,,
01e070b9.mp4,,
352df52f.mp4,,
36354560.mp4,,
56ccff8f.mp4,,
5ad780e5.mp4,,
5c9f1a57.mp4,,
5f7b05f6.mp4,,
a20fcca7.mp4,,